"o_orderkey","o_custkey","o_orderstatus","o_totalprice","o_orderdate","o_orderpriority","o_clerk","o_shippriority","o_comment"
"1","370","O","172799.49","1996-01-02","5-LOW","Clerk#000000951","0","nstructions sleep furiously among "
"2","781","O","38426.09","1996-12-01","1-URGENT","Clerk#000000880","0"," foxes. pending accounts at the pending, silent asymptot"
"3","1234","F","205654.30","1993-10-14","5-LOW","Clerk#000000955","0","sly final accounts boost. carefully regular ideas cajole carefully. depos"
"4","1369","O","56000.91","1995-10-11","5-LOW","Clerk#000000124","0","sits. slyly regular warthogs cajole. regular, regular theodolites acro"
"5","445","F","105367.67","1994-07-30","5-LOW","Clerk#000000925","0","quickly. bold deposits sleep slyly. packages use slyly"
"6","557","F","45523.10","1992-02-21","4-NOT SPECIFIED","Clerk#000000058","0","ggle. special, final requests are against the furiously specia"
"7","392","O","271885.66","1996-01-10","2-HIGH","Clerk#000000470","0","ly special requests "
"32","1301","O","198665.57","1995-07-16","2-HIGH","Clerk#000000616","0","ise blithely bold, regular requests. quickly unusual dep"
"33","670","F","146567.24","1993-10-27","3-MEDIUM","Clerk#000000409","0","uriously. furiously final request"
"34","611","O","73315.48","1998-07-21","3-MEDIUM","Clerk#000000223","0","ly final packages. fluffily final deposits wake blithely ideas. spe"
"35","1276","O","194641.93","1995-10-23","4-NOT SPECIFIED","Clerk#000000259","0","zzle. carefully enticing deposits nag furio"
"36","1153","O","42011.04","1995-11-03","1-URGENT","Clerk#000000358","0"," quick packages are blithely. slyly silent accounts wake qu"
"37","862","F","131896.49","1992-06-03","3-MEDIUM","Clerk#000000456","0","kly regular pinto beans. carefully unusual waters cajole never"
"38","1249","O","71553.08","1996-08-21","4-NOT SPECIFIED","Clerk#000000604","0","haggle blithely. furiously express ideas haggle blithely furiously regular re"
"39","818","O","326565.37","1996-09-20","3-MEDIUM","Clerk#000000659","0","ole express, ironic requests: ir"
"64","322","F","35831.73","1994-07-16","3-MEDIUM","Clerk#000000661","0","wake fluffily. sometimes ironic pinto beans about the dolphin"
"65","163","P","95469.44","1995-03-18","1-URGENT","Clerk#000000632","0","ular requests are blithely pending orbits-- even requests against the deposit"
"66","1292","F","104190.66","1994-01-20","5-LOW","Clerk#000000743","0","y pending requests integrate"
"67","568","O","182481.16","1996-12-19","4-NOT SPECIFIED","Clerk#000000547","0","symptotes haggle slyly around the furiously iron"
"68","286","O","301968.79","1998-04-18","3-MEDIUM","Clerk#000000440","0"," pinto beans sleep carefully. blithely ironic deposits haggle furiously acro"
